﻿designator,quantity,value,pack,mpn,mount_type
"C1, C9",2,22uF,CP_Radial_Tantal_D5.0mm_P2.50mm,,tht
C10,1,33pF 5%,C_Rect_L10.0mm_W5.0mm_P5.00mm_P7.50mm,,tht
C11,1,18pF 1%,C_Rect_L10.0mm_W5.0mm_P5.00mm_P7.50mm,,tht
"C12, C13",2,0.1uF,C_Disc_D10.0mm_W2.5mm_P5.00mm_NORTH,,tht
C14,1,47pF,C_Disc_D10.0mm_W2.5mm_P5.00mm_NORTH,,tht
"C15, C17, C18, C19, C20, C22, C23, C24, C25, C26, C27, C28, C29, C30, C31, C32, C33, C34, C35, C36, C37, C38, C39, C40, C41, C42, C43, C44, C45, C46, C47, C48, C49, C50, C51, C52, C53, C54",38,47nF,C_Disc_D10.0mm_W2.5mm_P5.00mm_NORTH,,tht
"C2, C7",2,6.8uF,CP_Radial_Tantal_D5.0mm_P2.50mm,,tht
C3,1,330pF,C_Rect_L10.0mm_W5.0mm_P5.00mm_P7.50mm,,tht
C4,1,33pF,C_Rect_L10.0mm_W5.0mm_P5.00mm_P7.50mm,,tht
C5,1,33nF 5%,C_Rect_L10.0mm_W5.0mm_P5.00mm_P7.50mm,,tht
C6,1,33pF 1%,C_Rect_L10.0mm_W5.0mm_P5.00mm_P7.50mm,,tht
C8,1,6.8nF,C_Rect_L7.0mm_W3.5mm_P2.50mm_P5.00mm,,tht
"CR1, CR2, CR3",3,1N4148,D_A-405_P12.70mm_Horizontal_NORTH,,tht
J1,1,MFM data,PinHeader_2x10_P2.54mm_Horizontal,,tht
J2,1,MFM control,PinHeader_2x17_P2.54mm_Horizontal,,tht
P1,1,northstar card edge,northstar edge connector,,tht
Q1,1,2N3904,TO-92L_Wide,,tht
"R1, R2, R3, R4",4,1k,R_Axial_DIN0309_L9.0mm_D3.2mm_P12.70mm_Horizontal_NORTH,,tht
"R10, R16",2,221 1%,R_Axial_DIN0207_L6.3mm_D2.5mm_P15.24mm_Horizontal_NORTH,,tht
"R11, R17",2,619 1%,R_Axial_DIN0207_L6.3mm_D2.5mm_P15.24mm_Horizontal_NORTH,,tht
R12,1,12K,R_Axial_DIN0309_L9.0mm_D3.2mm_P12.70mm_Horizontal_NORTH,,tht
R13,1,5K,Potentiometer_Bourns_3009Y_Horizontal,,tht
R14,1,2.2K 5%,R_Axial_DIN0309_L9.0mm_D3.2mm_P12.70mm_Horizontal_NORTH,,tht
R15,1,220,R_Axial_DIN0207_L6.3mm_D2.5mm_P15.24mm_Horizontal_NORTH,,tht
R18,1,150,R_Axial_DIN0309_L9.0mm_D3.2mm_P12.70mm_Horizontal_NORTH,,tht
R19,1,330,R_Axial_DIN0309_L9.0mm_D3.2mm_P12.70mm_Horizontal_NORTH,,tht
"R20, R21, R22, R28, R7",5,100,R_Axial_DIN0309_L9.0mm_D3.2mm_P12.70mm_Horizontal_NORTH,,tht
R23,1,3.3K,R_Axial_DIN0309_L9.0mm_D3.2mm_P12.70mm_Horizontal_NORTH,,tht
R24,1,61.9K,R_Axial_DIN0207_L6.3mm_D2.5mm_P15.24mm_Horizontal_NORTH,,tht
R25,1,57.6K,R_Axial_DIN0207_L6.3mm_D2.5mm_P15.24mm_Horizontal_NORTH,,tht
R26,1,5.6K,R_Axial_DIN0309_L9.0mm_D3.2mm_P12.70mm_Horizontal_NORTH,,tht
R27,1,2.2K,R_Axial_DIN0309_L9.0mm_D3.2mm_P12.70mm_Horizontal_NORTH,,tht
R29,1,NP,R_Axial_DIN0207_L6.3mm_D2.5mm_P15.24mm_Horizontal_NORTH,,tht
"R5, R6",2,470R,R_Axial_DIN0309_L9.0mm_D3.2mm_P12.70mm_Horizontal_NORTH,,tht
"R8, R9",2,13.3K 1%,R_Axial_DIN0207_L6.3mm_D2.5mm_P15.24mm_Horizontal_NORTH,,tht
RN1,1,220/330,SIP-8_19x3mm_P2.54mm,,tht
RN2,1,4.7K,R_Array_SIP10,,tht
TP1,1,5Mhz,PinHeader_1x01_P2.54mm_Vertical,,tht
"TP10, TP11, TP4",3,??,PinHeader_1x01_P2.54mm_Vertical,,tht
TP12,1,/RD BYTE RDY,PinHeader_1x01_P2.54mm_Vertical,,tht
TP13,1,?????,PinHeader_1x01_P2.54mm_Vertical,,tht
TP2,1,10Mhz,PinHeader_1x01_P2.54mm_Vertical,,tht
TP3,1,RD CLK,PinHeader_1x01_P2.54mm_Vertical,,tht
TP5,1,5v PLL,PinHeader_1x01_P2.54mm_Vertical,,tht
TP6,1,VCO out,PinHeader_1x01_P2.54mm_Vertical,,tht
TP7,1,5v,PinHeader_1x01_P2.54mm_Vertical,,tht
TP8,1,Gnd,PinHeader_1x01_P2.54mm_Vertical,,tht
TP9,1,READ DATA,PinHeader_1x01_P2.54mm_Vertical,,tht
U1A1,1,26LS32,DIP-16_W7.62mm,,tht
U1B1,1,26LS31,DIP-16_W7.62mm,,tht
U1C1,1,74S10,DIP-14_W7.62mm,,tht
U1D1,1,74S00,DIP-14_W7.62mm,,tht
U1E1,1,50ns_Delay,DIP-14_W7.62mm,,tht
"U1F1, U4D1",2,74S04,DIP-14_W7.62mm,,tht
U1H1,1,74LS123,DIP-16_W7.62mm,,tht
U1K1,1,LM393,DIP-8_W7.62mm,,tht
U1L1,1,7438,DIP-14_W7.62mm,,tht
"U1M1, U3L1",2,74LS374,DIP-20_W7.62mm,,tht
U2A1,1,100ns_Delay,DIP-14_W7.62mm,,tht
"U2B1, U3C1, U3E1",3,74LS161,DIP-16_W7.62mm,,tht
U2C1,1,74LS74,DIP-14_W7.62mm,,tht
U2D1,1,74LS175,DIP-16_W7.62mm,,tht
U2E1,1,82S129,DIP-16_W7.62mm,,tht
U2F1,1,74S174,DIP-16_W7.62mm,,tht
U2H1,1,74LS283,DIP-16_W7.62mm,,tht
"U2J1, U2K1, U3F1",3,74LS393,DIP-14_W7.62mm,,tht
"U2L1, U2M1",2,2114,DIP-18_W7.62mm,,tht
"U3A1, U4A1, U4C1, U5F1",4,74S74,DIP-14_W7.62mm,,tht
"U3B1, U4B1",2,74S02,DIP-14_W7.62mm,,tht
"U3D1, U4J1",2,74LS04,DIP-14_W7.62mm,,tht
U3H1,1,74LS273,DIP-20_W7.62mm,,tht
"U3J1, U4F1, U4H1",3,74LS193,DIP-16_W7.62mm,,tht
U3K1,1,74LS164,DIP-14_W7.62mm,,tht
U3M1,1,74LS166,DIP-16_W7.62mm,,tht
"U4K1, U4L1, U4M1",3,74LS244,DIP-20_W7.62mm,,tht
U5D1,1,74S124,DIP-16_W7.62mm,,tht
U5H1,1,74LS32,DIP-14_W7.62mm,,tht
U5J1,1,74LS00,DIP-14_W7.62mm,,tht
U5K1,1,74LS279,DIP-16_W7.62mm,,tht
"U5L1, U5M1",2,74LS138,DIP-16_W7.62mm,,tht
VR1,1,LM340AT-5,TO-220-3_Horizontal_TabDown,,tht
XTL1,1,10MHZ,Crystal_HC49-U_Horizontal,,tht
