﻿pos_x,pos_y,rotation,side,designator,mpn,pack,value,mount_type,place
120.74,-160.0,90.0,top,C1,,CP_Radial_Tantal_D5.0mm_P2.50mm,22uF,tht,True
151.27,-53.18,-90.0,top,C10,,C_Rect_L10.0mm_W5.0mm_P5.00mm_P7.50mm,33pF 5%,tht,True
157.05,-54.73,0.0,top,C11,,C_Rect_L10.0mm_W5.0mm_P5.00mm_P7.50mm,18pF 1%,tht,True
40.94,-119.64,-90.0,top,C12,,C_Disc_D10.0mm_W2.5mm_P5.00mm_NORTH,0.1uF,tht,True
45.71,-119.64,-90.0,top,C13,,C_Disc_D10.0mm_W2.5mm_P5.00mm_NORTH,0.1uF,tht,True
170.33,-42.18,-90.0,top,C14,,C_Disc_D10.0mm_W2.5mm_P5.00mm_NORTH,47pF,tht,True
154.83,-74.94,-90.0,top,C15,,C_Disc_D10.0mm_W2.5mm_P5.00mm_NORTH,47nF,tht,True
142.18,-58.57,-90.0,top,C17,,C_Disc_D10.0mm_W2.5mm_P5.00mm_NORTH,47nF,tht,True
117.09,-47.09,-90.0,top,C18,,C_Disc_D10.0mm_W2.5mm_P5.00mm_NORTH,47nF,tht,True
174.11,-42.18,-90.0,top,C19,,C_Disc_D10.0mm_W2.5mm_P5.00mm_NORTH,47nF,tht,True
155.16,-30.14,90.0,top,C2,,CP_Radial_Tantal_D5.0mm_P2.50mm,6.8uF,tht,True
147.36,-32.65,90.0,top,C20,,C_Disc_D10.0mm_W2.5mm_P5.00mm_NORTH,47nF,tht,True
154.83,-103.15,-90.0,top,C22,,C_Disc_D10.0mm_W2.5mm_P5.00mm_NORTH,47nF,tht,True
154.83,-131.08,-90.0,top,C23,,C_Disc_D10.0mm_W2.5mm_P5.00mm_NORTH,47nF,tht,True
154.83,-144.99,-90.0,top,C24,,C_Disc_D10.0mm_W2.5mm_P5.00mm_NORTH,47nF,tht,True
117.09,-5.12,-90.0,top,C25,,C_Disc_D10.0mm_W2.5mm_P5.00mm_NORTH,47nF,tht,True
117.09,-19.13,-90.0,top,C26,,C_Disc_D10.0mm_W2.5mm_P5.00mm_NORTH,47nF,tht,True
117.09,-33.19,-90.0,top,C27,,C_Disc_D10.0mm_W2.5mm_P5.00mm_NORTH,47nF,tht,True
120.09,-144.99,-90.0,top,C28,,C_Disc_D10.0mm_W2.5mm_P5.00mm_NORTH,47nF,tht,True
123.4,-102.8,-90.0,top,C29,,C_Disc_D10.0mm_W2.5mm_P5.00mm_NORTH,47nF,tht,True
7.61,-72.57,0.0,top,C3,,C_Rect_L10.0mm_W5.0mm_P5.00mm_P7.50mm,330pF,tht,True
120.74,-116.99,-90.0,top,C30,,C_Disc_D10.0mm_W2.5mm_P5.00mm_NORTH,47nF,tht,True
120.74,-131.08,-90.0,top,C31,,C_Disc_D10.0mm_W2.5mm_P5.00mm_NORTH,47nF,tht,True
85.2,-5.12,-90.0,top,C32,,C_Disc_D10.0mm_W2.5mm_P5.00mm_NORTH,47nF,tht,True
88.91,-19.13,-90.0,top,C33,,C_Disc_D10.0mm_W2.5mm_P5.00mm_NORTH,47nF,tht,True
88.91,-47.09,-90.0,top,C34,,C_Disc_D10.0mm_W2.5mm_P5.00mm_NORTH,47nF,tht,True
88.9,-75.184,-90.0,top,C35,,C_Disc_D10.0mm_W2.5mm_P5.00mm_NORTH,47nF,tht,True
88.91,-103.124,-90.0,top,C36,,C_Disc_D10.0mm_W2.5mm_P5.00mm_NORTH,47nF,tht,True
85.2,-131.08,-90.0,top,C37,,C_Disc_D10.0mm_W2.5mm_P5.00mm_NORTH,47nF,tht,True
54.77,-5.12,-90.0,top,C38,,C_Disc_D10.0mm_W2.5mm_P5.00mm_NORTH,47nF,tht,True
54.77,-19.13,-90.0,top,C39,,C_Disc_D10.0mm_W2.5mm_P5.00mm_NORTH,47nF,tht,True
7.61,-67.49,0.0,top,C4,,C_Rect_L10.0mm_W5.0mm_P5.00mm_P7.50mm,33pF,tht,True
54.77,-47.09,-90.0,top,C40,,C_Disc_D10.0mm_W2.5mm_P5.00mm_NORTH,47nF,tht,True
54.864,-66.294,90.0,top,C41,,C_Disc_D10.0mm_W2.5mm_P5.00mm_NORTH,47nF,tht,True
54.77,-75.184,-90.0,top,C42,,C_Disc_D10.0mm_W2.5mm_P5.00mm_NORTH,47nF,tht,True
57.07,-103.124,-90.0,top,C43,,C_Disc_D10.0mm_W2.5mm_P5.00mm_NORTH,47nF,tht,True
54.55,-131.08,-90.0,top,C44,,C_Disc_D10.0mm_W2.5mm_P5.00mm_NORTH,47nF,tht,True
54.55,-144.99,-90.0,top,C45,,C_Disc_D10.0mm_W2.5mm_P5.00mm_NORTH,47nF,tht,True
22.98,-5.12,-90.0,top,C46,,C_Disc_D10.0mm_W2.5mm_P5.00mm_NORTH,47nF,tht,True
22.98,-19.13,-90.0,top,C47,,C_Disc_D10.0mm_W2.5mm_P5.00mm_NORTH,47nF,tht,True
25.52,-33.19,-90.0,top,C48,,C_Disc_D10.0mm_W2.5mm_P5.00mm_NORTH,47nF,tht,True
25.52,-47.09,-90.0,top,C49,,C_Disc_D10.0mm_W2.5mm_P5.00mm_NORTH,47nF,tht,True
7.61,-77.42,0.0,top,C5,,C_Rect_L10.0mm_W5.0mm_P5.00mm_P7.50mm,33nF 5%,tht,True
22.98,-61.294,-90.0,top,C50,,C_Disc_D10.0mm_W2.5mm_P5.00mm_NORTH,47nF,tht,True
25.52,-75.184,-90.0,top,C51,,C_Disc_D10.0mm_W2.5mm_P5.00mm_NORTH,47nF,tht,True
22.98,-101.75,90.0,top,C52,,C_Disc_D10.0mm_W2.5mm_P5.00mm_NORTH,47nF,tht,True
25.52,-131.08,-90.0,top,C53,,C_Disc_D10.0mm_W2.5mm_P5.00mm_NORTH,47nF,tht,True
20.44,-144.99,-90.0,top,C54,,C_Disc_D10.0mm_W2.5mm_P5.00mm_NORTH,47nF,tht,True
47.55,-102.53,-90.0,top,C6,,C_Rect_L10.0mm_W5.0mm_P5.00mm_P7.50mm,33pF 1%,tht,True
167.67,-30.14,90.0,top,C7,,CP_Radial_Tantal_D5.0mm_P2.50mm,6.8uF,tht,True
158.43,-60.4,0.0,top,C8,,C_Rect_L7.0mm_W3.5mm_P2.50mm_P5.00mm,6.8nF,tht,True
5.0,-87.76,90.0,top,C9,,CP_Radial_Tantal_D5.0mm_P2.50mm,22uF,tht,True
148.74,-67.97,0.0,top,CR1,,D_A-405_P12.70mm_Horizontal_NORTH,1N4148,tht,True
148.74,-70.33,0.0,top,CR2,,D_A-405_P12.70mm_Horizontal_NORTH,1N4148,tht,True
2.63,-106.34,0.0,top,CR3,,D_A-405_P12.70mm_Horizontal_NORTH,1N4148,tht,True
9.63,-18.12,0.0,top,J1,,PinHeader_2x10_P2.54mm_Horizontal,MFM data,tht,True
9.63,-111.82,0.0,top,J2,,PinHeader_2x17_P2.54mm_Horizontal,MFM control,tht,True
123.72,-165.04,0.0,top,P1,,northstar edge connector,northstar card edge,tht,True
20.6695,-85.334,-90.0,top,Q1,,TO-92L_Wide,2N3904,tht,True
54.77,-30.08,-90.0,top,R1,,R_Axial_DIN0309_L9.0mm_D3.2mm_P12.70mm_Horizontal_NORTH,1k,tht,True
139.31,-61.78,180.0,top,R10,,R_Axial_DIN0207_L6.3mm_D2.5mm_P15.24mm_Horizontal_NORTH,221 1%,tht,True
124.07,-58.6,0.0,top,R11,,R_Axial_DIN0207_L6.3mm_D2.5mm_P15.24mm_Horizontal_NORTH,619 1%,tht,True
148.74,-65.55,0.0,top,R12,,R_Axial_DIN0309_L9.0mm_D3.2mm_P12.70mm_Horizontal_NORTH,12K,tht,True
168.42,-34.52,180.0,top,R13,,Potentiometer_Bourns_3009Y_Horizontal,5K,tht,True
182.19,-29.86,90.0,top,R14,,R_Axial_DIN0309_L9.0mm_D3.2mm_P12.70mm_Horizontal_NORTH,2.2K 5%,tht,True
147.36,-36.41,0.0,top,R15,,R_Axial_DIN0207_L6.3mm_D2.5mm_P15.24mm_Horizontal_NORTH,220,tht,True
139.31,-64.66,180.0,top,R16,,R_Axial_DIN0207_L6.3mm_D2.5mm_P15.24mm_Horizontal_NORTH,221 1%,tht,True
124.07,-68.01,0.0,top,R17,,R_Axial_DIN0207_L6.3mm_D2.5mm_P15.24mm_Horizontal_NORTH,619 1%,tht,True
171.62,-57.44,-90.0,top,R18,,R_Axial_DIN0309_L9.0mm_D3.2mm_P12.70mm_Horizontal_NORTH,150,tht,True
146.15,-64.24,90.0,top,R19,,R_Axial_DIN0309_L9.0mm_D3.2mm_P12.70mm_Horizontal_NORTH,330,tht,True
117.09,-70.23,90.0,top,R2,,R_Axial_DIN0309_L9.0mm_D3.2mm_P12.70mm_Horizontal_NORTH,1k,tht,True
137.29,-71.42,180.0,top,R20,,R_Axial_DIN0309_L9.0mm_D3.2mm_P12.70mm_Horizontal_NORTH,100,tht,True
116.332,-128.3,90.0,top,R21,,R_Axial_DIN0309_L9.0mm_D3.2mm_P12.70mm_Horizontal_NORTH,100,tht,True
151.3,-104.97,90.0,top,R22,,R_Axial_DIN0309_L9.0mm_D3.2mm_P12.70mm_Horizontal_NORTH,100,tht,True
2.63,-103.264,0.0,top,R23,,R_Axial_DIN0309_L9.0mm_D3.2mm_P12.70mm_Horizontal_NORTH,3.3K,tht,True
2.63,-100.188,0.0,top,R24,,R_Axial_DIN0207_L6.3mm_D2.5mm_P15.24mm_Horizontal_NORTH,61.9K,tht,True
17.87,-97.112,180.0,top,R25,,R_Axial_DIN0207_L6.3mm_D2.5mm_P15.24mm_Horizontal_NORTH,57.6K,tht,True
15.33,-94.036,180.0,top,R26,,R_Axial_DIN0309_L9.0mm_D3.2mm_P12.70mm_Horizontal_NORTH,5.6K,tht,True
15.33,-90.96,180.0,top,R27,,R_Axial_DIN0309_L9.0mm_D3.2mm_P12.70mm_Horizontal_NORTH,2.2K,tht,True
169.01,-57.44,-90.0,top,R28,,R_Axial_DIN0309_L9.0mm_D3.2mm_P12.70mm_Horizontal_NORTH,100,tht,True
178.62,-29.86,90.0,top,R29,,R_Axial_DIN0207_L6.3mm_D2.5mm_P15.24mm_Horizontal_NORTH,NP,tht,True
54.77,-98.57,90.0,top,R3,,R_Axial_DIN0309_L9.0mm_D3.2mm_P12.70mm_Horizontal_NORTH,1k,tht,True
154.83,-113.97,-90.0,top,R4,,R_Axial_DIN0309_L9.0mm_D3.2mm_P12.70mm_Horizontal_NORTH,1k,tht,True
2.85,-74.31,90.0,top,R5,,R_Axial_DIN0309_L9.0mm_D3.2mm_P12.70mm_Horizontal_NORTH,470R,tht,True
19.87,-61.61,-90.0,top,R6,,R_Axial_DIN0309_L9.0mm_D3.2mm_P12.70mm_Horizontal_NORTH,470R,tht,True
18.76,-17.94,90.0,top,R7,,R_Axial_DIN0309_L9.0mm_D3.2mm_P12.70mm_Horizontal_NORTH,100,tht,True
4.01,-82.0,0.0,top,R8,,R_Axial_DIN0207_L6.3mm_D2.5mm_P15.24mm_Horizontal_NORTH,13.3K 1%,tht,True
41.92,-114.39,90.0,top,R9,,R_Axial_DIN0207_L6.3mm_D2.5mm_P15.24mm_Horizontal_NORTH,13.3K 1%,tht,True
16.94,-111.82,-90.0,top,RN1,,SIP-8_19x3mm_P2.54mm,220/330,tht,True
25.54,-156.35,0.0,top,RN2,,R_Array_SIP10,4.7K,tht,True
117.09,-76.26,0.0,top,TP1,,PinHeader_1x01_P2.54mm_Vertical,5Mhz,tht,True
53.35,-102.8,0.0,top,TP10,,PinHeader_1x01_P2.54mm_Vertical,??,tht,True
82.85,-40.75,0.0,top,TP11,,PinHeader_1x01_P2.54mm_Vertical,??,tht,True
120.74,-128.01,0.0,top,TP12,,PinHeader_1x01_P2.54mm_Vertical,/RD BYTE RDY,tht,True
134.59,-16.13,0.0,top,TP13,,PinHeader_1x01_P2.54mm_Vertical,?????,tht,True
36.97,-72.06,0.0,top,TP2,,PinHeader_1x01_P2.54mm_Vertical,10Mhz,tht,True
117.09,-43.33,0.0,top,TP3,,PinHeader_1x01_P2.54mm_Vertical,RD CLK,tht,True
28.69,-100.46,0.0,top,TP4,,PinHeader_1x01_P2.54mm_Vertical,??,tht,True
182.19,-12.77,0.0,top,TP5,,PinHeader_1x01_P2.54mm_Vertical,5v PLL,tht,True
117.09,-29.54,0.0,top,TP6,,PinHeader_1x01_P2.54mm_Vertical,VCO out,tht,True
89.64,-5.19,0.0,top,TP7,,PinHeader_1x01_P2.54mm_Vertical,5v,tht,True
178.41,-4.6,0.0,top,TP8,,PinHeader_1x01_P2.54mm_Vertical,Gnd,tht,True
33.16,-16.33,0.0,top,TP9,,PinHeader_1x01_P2.54mm_Vertical,READ DATA,tht,True
28.08,-12.98,90.0,top,U1A1,,DIP-16_W7.62mm,26LS32,tht,True
28.08,-26.9,90.0,top,U1B1,,DIP-16_W7.62mm,26LS31,tht,True
30.62,-40.75,90.0,top,U1C1,,DIP-14_W7.62mm,74S10,tht,True
30.62,-54.73,90.0,top,U1D1,,DIP-14_W7.62mm,74S00,tht,True
28.08,-68.7,90.0,top,U1E1,,DIP-14_W7.62mm,50ns_Delay,tht,True
30.62,-82.65,90.0,top,U1F1,,DIP-14_W7.62mm,74S04,tht,True
28.08,-96.7,90.0,top,U1H1,,DIP-16_W7.62mm,74LS123,tht,True
28.08,-124.64,90.0,top,U1K1,,DIP-8_W7.62mm,LM393,tht,True
30.62,-138.59,90.0,top,U1L1,,DIP-14_W7.62mm,7438,tht,True
25.54,-152.54,90.0,top,U1M1,,DIP-20_W7.62mm,74LS374,tht,True
59.73,-12.98,90.0,top,U2A1,,DIP-14_W7.62mm,100ns_Delay,tht,True
59.73,-26.9,90.0,top,U2B1,,DIP-16_W7.62mm,74LS161,tht,True
62.27,-40.75,90.0,top,U2C1,,DIP-14_W7.62mm,74LS74,tht,True
59.73,-54.73,90.0,top,U2D1,,DIP-16_W7.62mm,74LS175,tht,True
59.73,-68.7,90.0,top,U2E1,,DIP-16_W7.62mm,82S129,tht,True
59.73,-82.65,90.0,top,U2F1,,DIP-16_W7.62mm,74S174,tht,True
59.73,-96.7,90.0,top,U2H1,,DIP-16_W7.62mm,74LS283,tht,True
62.27,-110.66,90.0,top,U2J1,,DIP-14_W7.62mm,74LS393,tht,True
62.27,-124.64,90.0,top,U2K1,,DIP-14_W7.62mm,74LS393,tht,True
59.73,-138.59,90.0,top,U2L1,,DIP-18_W7.62mm,2114,tht,True
59.73,-152.54,90.0,top,U2M1,,DIP-18_W7.62mm,2114,tht,True
94.06,-12.98,90.0,top,U3A1,,DIP-14_W7.62mm,74S74,tht,True
94.06,-26.9,90.0,top,U3B1,,DIP-14_W7.62mm,74S02,tht,True
91.52,-40.75,90.0,top,U3C1,,DIP-16_W7.62mm,74LS161,tht,True
94.06,-54.73,90.0,top,U3D1,,DIP-14_W7.62mm,74LS04,tht,True
91.52,-68.7,90.0,top,U3E1,,DIP-16_W7.62mm,74LS161,tht,True
94.06,-82.65,90.0,top,U3F1,,DIP-14_W7.62mm,74LS393,tht,True
91.52,-96.7,90.0,top,U3H1,,DIP-20_W7.62mm,74LS273,tht,True
94.06,-110.66,90.0,top,U3J1,,DIP-16_W7.62mm,74LS193,tht,True
94.06,-124.64,90.0,top,U3K1,,DIP-14_W7.62mm,74LS164,tht,True
91.52,-138.59,90.0,top,U3L1,,DIP-20_W7.62mm,74LS374,tht,True
94.06,-152.54,90.0,top,U3M1,,DIP-16_W7.62mm,74LS166,tht,True
124.59,-12.98,90.0,top,U4A1,,DIP-14_W7.62mm,74S74,tht,True
124.59,-26.9,90.0,top,U4B1,,DIP-14_W7.62mm,74S02,tht,True
124.59,-40.75,90.0,top,U4C1,,DIP-14_W7.62mm,74S74,tht,True
124.59,-54.73,90.0,top,U4D1,,DIP-14_W7.62mm,74S04,tht,True
124.59,-82.65,90.0,top,U4F1,,DIP-16_W7.62mm,74LS193,tht,True
124.59,-96.7,90.0,top,U4H1,,DIP-16_W7.62mm,74LS193,tht,True
127.13,-110.66,90.0,top,U4J1,,DIP-14_W7.62mm,74LS04,tht,True
124.59,-124.64,90.0,top,U4K1,,DIP-20_W7.62mm,74LS244,tht,True
124.59,-138.59,90.0,top,U4L1,,DIP-20_W7.62mm,74LS244,tht,True
124.59,-152.54,90.0,top,U4M1,,DIP-20_W7.62mm,74LS244,tht,True
147.13,-48.34,90.0,top,U5D1,,DIP-16_W7.62mm,74S124,tht,True
160.12,-82.65,90.0,top,U5F1,,DIP-14_W7.62mm,74S74,tht,True
160.12,-96.7,90.0,top,U5H1,,DIP-14_W7.62mm,74LS32,tht,True
160.12,-110.66,90.0,top,U5J1,,DIP-14_W7.62mm,74LS00,tht,True
160.12,-124.64,90.0,top,U5K1,,DIP-16_W7.62mm,74LS279,tht,True
160.12,-138.59,90.0,top,U5L1,,DIP-16_W7.62mm,74LS138,tht,True
160.12,-152.54,90.0,top,U5M1,,DIP-16_W7.62mm,74LS138,tht,True
158.85,-25.73,0.0,top,VR1,,TO-220-3_Horizontal_TabDown,LM340AT-5,tht,True
13.81,-63.04,180.0,top,XTL1,,Crystal_HC49-U_Horizontal,10MHZ,tht,True
