﻿pos_x,pos_y,rotation,side,designator,mpn,pack,value,mount_type,place
31.75,-32.385,0.0,top,C1,,C_Axial_L5.1mm_D3.1mm_P10.00mm_Horizontal,100nF,tht,True
41.75,-53.975,180.0,top,C2,,C_Axial_L5.1mm_D3.1mm_P10.00mm_Horizontal,100nF,tht,True
54.61,-32.385,0.0,top,J3,,PinHeader_1x01_P2.54mm_Vertical,E2,tht,True
50.8,-32.385,0.0,top,J4,,PinHeader_1x01_P2.54mm_Vertical,E1,tht,True
67.31,-32.385,0.0,top,P2-1,,PinHeader_1x01_P2.54mm_Vertical,MINT,tht,True
60.96,-32.385,0.0,top,P2-2,,PinHeader_1x01_P2.54mm_Vertical,RQ/GT1A,tht,True
31.75,-72.39,90.0,top,U1,,DIP-40_W15.24mm,8087,tht,True
31.75,-50.8,90.0,top,U2,,DIP-40_W15.24mm,8086/8088,tht,True
