﻿designator,quantity,value,pack,mpn,mount_type
"C1, C2",2,22uF,noethstar tantalum,,tht
"C10, C11, C12, C13, C14, C15, C16, C17, C18, C19, C20, C21, C22, C23, C24, C25, C26, C27, C28, C29, C30, C31, C32, C33, C34, C35, C4, C5, C6, C7, C8, C9",32,*,northstar decoupling cap,,tht
C3,1,100pF,northstar decoupling cap,,tht
J1,1,Power In,Hirose_DF63M-3P-3.96DSA_1x03_P3.96mm_Vertical,,tht
J2,1,Conn_01x16_Socket,PinSocket_1x16_P2.54mm_Vertical,,tht
J3,1,Conn_01x18_Socket,PinSocket_1x18_P2.54mm_Vertical,,tht
P1,1,northstar card edge,northstar edge connector,,tht
Q1,1,2N3904,TO-92_northstar_Wide,,tht
"R1, R2",2,510,northstar resistor,,tht
"R10, R14, R3, R4, R9",5,1K,northstar resistor,,tht
"R11, R6, R7, R8",4,47,northstar resistor,,tht
R12,1,4.7K,northstar resistor,,tht
R13,1,1.2K,northstar resistor,,tht
R5,1,1.8K,northstar resistor,,tht
RN1,1,47,DIP-16_W7.62mm,,tht
TP1,1,+5V,PinHeader_1x01_P2.54mm_Vertical,,tht
TP10,1,PER,PinHeader_1x01_P2.54mm_Vertical,,tht
TP2,1,GND,PinHeader_1x01_P2.54mm_Vertical,,tht
TP3,1,CLK,PinHeader_1x01_P2.54mm_Vertical,,tht
TP4,1,RST,PinHeader_1x01_P2.54mm_Vertical,,tht
TP5,1,RDY,PinHeader_1x01_P2.54mm_Vertical,,tht
TP6,1,IFLG,PinHeader_1x01_P2.54mm_Vertical,,tht
TP7,1,OFLG,PinHeader_1x01_P2.54mm_Vertical,,tht
TP8,1,REF,PinHeader_1x01_P2.54mm_Vertical,,tht
TP9,1,RAS,PinHeader_1x01_P2.54mm_Vertical,,tht
U1,1,74LS175,DIP-16_W7.62mm,,tht
U10,1,74LS155,DIP-16_W7.62mm,,tht
"U11, U28, U43",3,74LS373,DIP-20_W7.62mm,,tht
U12,1,8088-2,DIP-40_W15.24mm,,tht
"U13, U9",2,74LS00,DIP-14_W7.62mm,,tht
U14,1,74LS04,DIP-14_W7.62mm,,tht
"U15, U24",2,74LS393,DIP-14_W7.62mm,,tht
U16,1,74S08,DIP-14_W7.62mm,,tht
U17,1,8284,DIP-18_W7.62mm,,tht
"U18, U26",2,74LS258,DIP-16_W7.62mm,,tht
U19,1,74LS174,DIP-16_W7.62mm,,tht
U2,1,74S112,DIP-16_W7.62mm,,tht
U20,1,74LS03,DIP-14_W7.62mm,,tht
U21,1,74LS153,DIP-16_W7.62mm,,tht
"U22, U6, U8",3,74LS74,DIP-14_W7.62mm,,tht
U23,1,74S00,DIP-14_W7.62mm,,tht
"U25, U30",2,74LS244,DIP-20_W7.62mm,,tht
U27,1,6309-1,DIP-20_W7.62mm,,tht
U29,1,74LS245,DIP-20_W7.62mm,,tht
U3,1,85ns_Delay,DIP-14_W7.62mm,,tht
U31,1,74LS10,DIP-14_W7.62mm,,tht
"U32, U33, U34, U35, U36, U37, U38, U39, U40",9,4164,DIP-16_W7.62mm,,tht
U4,1,74S04,DIP-14_W7.62mm,,tht
U41,1,74LS280,DIP-14_W7.62mm,,tht
U42,1,74LS374,DIP-20_W7.62mm,,tht
U44,1,74LS138,DIP-16_W7.62mm,,tht
U5,1,74LS32,DIP-14_W7.62mm,,tht
U7,1,74LS20,DIP-14_W7.62mm,,tht
W1,1,+5v EXT,PinSocket_1x03_P2.54mm_Vertical,,tht
Y1,1,24MHz,Crystal_HC49-U_Horizontal,,tht
