﻿pos_x,pos_y,rotation,side,designator,mpn,pack,value,mount_type,place
247.015,-174.625,180.0,top,C1,,noethstar tantalum,22uF,tht,True
87.63,-175.26,0.0,top,C10,,northstar decoupling cap,*,tht,True
121.813,-175.26,0.0,top,C11,,northstar decoupling cap,*,tht,True
112.395,-38.1,-90.0,top,C12,,northstar decoupling cap,*,tht,True
218.44,-37.465,-90.0,top,C13,,northstar decoupling cap,*,tht,True
254.635,-144.145,180.0,top,C14,,northstar decoupling cap,*,tht,True
130.81,-66.04,-90.0,top,C15,,northstar decoupling cap,*,tht,True
220.345,-80.645,-90.0,top,C16,,northstar decoupling cap,*,tht,True
157.48,-130.81,-90.0,top,C17,,northstar decoupling cap,*,tht,True
64.135,-175.26,0.0,top,C18,,northstar decoupling cap,*,tht,True
99.06,-175.26,0.0,top,C19,,northstar decoupling cap,*,tht,True
69.215,-147.32,180.0,top,C2,,noethstar tantalum,22uF,tht,True
133.35,-175.26,0.0,top,C20,,northstar decoupling cap,*,tht,True
130.81,-40.64,-90.0,top,C21,,northstar decoupling cap,*,tht,True
252.095,-55.88,180.0,top,C22,,northstar decoupling cap,*,tht,True
252.73,-170.815,180.0,top,C23,,northstar decoupling cap,*,tht,True
153.67,-50.165,-90.0,top,C24,,northstar decoupling cap,*,tht,True
193.675,-167.005,-90.0,top,C25,,northstar decoupling cap,*,tht,True
194.31,-135.255,-90.0,top,C26,,northstar decoupling cap,*,tht,True
75.565,-175.26,0.0,top,C27,,northstar decoupling cap,*,tht,True
110.49,-175.26,0.0,top,C28,,northstar decoupling cap,*,tht,True
144.78,-175.26,0.0,top,C29,,northstar decoupling cap,*,tht,True
48.895,-137.795,0.0,top,C3,,northstar decoupling cap,100pF,tht,True
153.67,-35.56,-90.0,top,C30,,northstar decoupling cap,*,tht,True
250.825,-59.055,-90.0,top,C31,,northstar decoupling cap,*,tht,True
70.485,-118.11,0.0,top,C32,,northstar decoupling cap,*,tht,True
177.165,-92.71,-90.0,top,C33,,northstar decoupling cap,*,tht,True
234.95,-132.715,-90.0,top,C34,,northstar decoupling cap,*,tht,True
219.075,-132.715,-90.0,top,C35,,northstar decoupling cap,*,tht,True
175.26,-36.195,-90.0,top,C4,,northstar decoupling cap,*,tht,True
254.635,-110.49,180.0,top,C5,,northstar decoupling cap,*,tht,True
74.93,-90.17,-90.0,top,C6,,northstar decoupling cap,*,tht,True
196.85,-66.675,-90.0,top,C7,,northstar decoupling cap,*,tht,True
112.395,-130.81,-90.0,top,C8,,northstar decoupling cap,*,tht,True
52.705,-175.26,0.0,top,C9,,northstar decoupling cap,*,tht,True
241.3,-26.67,0.0,top,J1,,Hirose_DF63M-3P-3.96DSA_1x03_P3.96mm_Vertical,Power In,tht,True
43.815,-145.415,0.0,top,J2,,PinSocket_1x16_P2.54mm_Vertical,Conn_01x16_Socket,tht,True
173.355,-140.335,0.0,top,J3,,PinSocket_1x18_P2.54mm_Vertical,Conn_01x18_Socket,tht,True
193.3306,-184.895,0.0,top,P1,,northstar edge connector,northstar card edge,tht,True
39.37,-139.573,90.0,top,Q1,,TO-92_northstar_Wide,2N3904,tht,True
114.3,-78.74,-90.0,top,R1,,northstar resistor,510,tht,True
236.855,-34.925,-90.0,top,R10,,northstar resistor,1K,tht,True
92.075,-140.97,90.0,top,R11,,northstar resistor,47,tht,True
200.025,-55.245,-90.0,top,R12,,northstar resistor,4.7K,tht,True
53.34,-118.745,90.0,top,R13,,northstar resistor,1.2K,tht,True
95.25,-128.27,-90.0,top,R14,,northstar resistor,1K,tht,True
116.84,-78.74,-90.0,top,R2,,northstar resistor,510,tht,True
214.63,-93.345,90.0,top,R3,,northstar resistor,1K,tht,True
50.8,-121.92,-90.0,top,R4,,northstar resistor,1K,tht,True
53.34,-121.92,-90.0,top,R5,,northstar resistor,1.8K,tht,True
48.26,-134.62,90.0,top,R6,,northstar resistor,47,tht,True
69.215,-121.92,-90.0,top,R7,,northstar resistor,47,tht,True
71.755,-121.92,-90.0,top,R8,,northstar resistor,47,tht,True
74.295,-134.62,90.0,top,R9,,northstar resistor,1K,tht,True
160.655,-152.4,0.0,top,RN1,,DIP-16_W7.62mm,47,tht,True
198.755,-24.765,0.0,top,TP1,,PinHeader_1x01_P2.54mm_Vertical,+5V,tht,True
213.995,-47.625,0.0,top,TP10,,PinHeader_1x01_P2.54mm_Vertical,PER,tht,True
197.485,-48.26,0.0,top,TP2,,PinHeader_1x01_P2.54mm_Vertical,GND,tht,True
97.79,-97.155,0.0,top,TP3,,PinHeader_1x01_P2.54mm_Vertical,CLK,tht,True
135.89,-96.52,0.0,top,TP4,,PinHeader_1x01_P2.54mm_Vertical,RST,tht,True
135.89,-91.44,0.0,top,TP5,,PinHeader_1x01_P2.54mm_Vertical,RDY,tht,True
226.06,-111.125,0.0,top,TP6,,PinHeader_1x01_P2.54mm_Vertical,IFLG,tht,True
223.52,-103.505,0.0,top,TP7,,PinHeader_1x01_P2.54mm_Vertical,OFLG,tht,True
188.595,-48.26,0.0,top,TP8,,PinHeader_1x01_P2.54mm_Vertical,REF,tht,True
116.205,-29.21,0.0,top,TP9,,PinHeader_1x01_P2.54mm_Vertical,RAS,tht,True
99.695,-26.67,0.0,top,U1,,DIP-16_W7.62mm,74LS175,tht,True
120.015,-52.07,0.0,top,U10,,DIP-16_W7.62mm,74LS155,tht,True
140.335,-49.53,0.0,top,U11,,DIP-20_W7.62mm,74LS373,tht,True
158.115,-49.53,0.0,top,U12,,DIP-40_W15.24mm,8088-2,tht,True
183.515,-57.15,0.0,top,U13,,DIP-14_W7.62mm,74LS00,tht,True
203.835,-57.15,0.0,top,U14,,DIP-14_W7.62mm,74LS04,tht,True
224.155,-57.15,0.0,top,U15,,DIP-14_W7.62mm,74LS393,tht,True
79.375,-80.01,0.0,top,U16,,DIP-14_W7.62mm,74S08,tht,True
120.015,-77.47,0.0,top,U17,,DIP-18_W7.62mm,8284,tht,True
140.335,-80.01,0.0,top,U18,,DIP-16_W7.62mm,74LS258,tht,True
183.515,-80.01,0.0,top,U19,,DIP-16_W7.62mm,74LS174,tht,True
120.015,-26.67,0.0,top,U2,,DIP-16_W7.62mm,74S112,tht,True
203.835,-80.01,0.0,top,U20,,DIP-14_W7.62mm,74LS03,tht,True
224.155,-80.01,0.0,top,U21,,DIP-16_W7.62mm,74LS153,tht,True
244.475,-87.63,0.0,top,U22,,DIP-14_W7.62mm,74LS74,tht,True
58.42,-122.555,0.0,top,U23,,DIP-14_W7.62mm,74S00,tht,True
79.375,-122.555,0.0,top,U24,,DIP-14_W7.62mm,74LS393,tht,True
120.015,-114.935,0.0,top,U25,,DIP-20_W7.62mm,74LS244,tht,True
139.7,-120.015,0.0,top,U26,,DIP-16_W7.62mm,74LS258,tht,True
160.655,-114.935,0.0,top,U27,,DIP-20_W7.62mm,6309-1,tht,True
183.515,-114.935,0.0,top,U28,,DIP-20_W7.62mm,74LS373,tht,True
203.835,-114.935,0.0,top,U29,,DIP-20_W7.62mm,74LS245,tht,True
140.335,-26.67,0.0,top,U3,,DIP-14_W7.62mm,85ns_Delay,tht,True
224.155,-114.935,0.0,top,U30,,DIP-20_W7.62mm,74LS244,tht,True
244.475,-123.19,0.0,top,U31,,DIP-14_W7.62mm,74LS10,tht,True
53.34,-152.4,0.0,top,U32,,DIP-16_W7.62mm,4164,tht,True
64.77,-152.4,0.0,top,U33,,DIP-16_W7.62mm,4164,tht,True
76.2,-152.4,0.0,top,U34,,DIP-16_W7.62mm,4164,tht,True
87.63,-152.4,0.0,top,U35,,DIP-16_W7.62mm,4164,tht,True
99.06,-152.4,0.0,top,U36,,DIP-16_W7.62mm,4164,tht,True
110.49,-152.4,0.0,top,U37,,DIP-16_W7.62mm,4164,tht,True
121.92,-152.4,0.0,top,U38,,DIP-16_W7.62mm,4164,tht,True
133.35,-152.4,0.0,top,U39,,DIP-16_W7.62mm,4164,tht,True
160.655,-26.67,0.0,top,U4,,DIP-14_W7.62mm,74S04,tht,True
144.78,-152.4,0.0,top,U40,,DIP-16_W7.62mm,4164,tht,True
183.515,-148.59,0.0,top,U41,,DIP-14_W7.62mm,74LS280,tht,True
203.835,-148.59,0.0,top,U42,,DIP-20_W7.62mm,74LS374,tht,True
224.155,-148.59,0.0,top,U43,,DIP-20_W7.62mm,74LS373,tht,True
244.475,-148.59,0.0,top,U44,,DIP-16_W7.62mm,74LS138,tht,True
183.515,-26.67,0.0,top,U5,,DIP-14_W7.62mm,74LS32,tht,True
203.835,-26.67,0.0,top,U6,,DIP-14_W7.62mm,74LS74,tht,True
224.155,-26.67,0.0,top,U7,,DIP-14_W7.62mm,74LS20,tht,True
244.475,-34.29,0.0,top,U8,,DIP-14_W7.62mm,74LS74,tht,True
99.695,-54.61,0.0,top,U9,,DIP-14_W7.62mm,74LS00,tht,True
241.3,-179.705,90.0,top,W1,,PinSocket_1x03_P2.54mm_Vertical,+5v EXT,tht,True
104.775,-79.375,0.0,top,Y1,,Crystal_HC49-U_Horizontal,24MHz,tht,True
