﻿pos_x,pos_y,rotation,side,designator,mpn,pack,value,mount_type,place
29.845,1.905,180.0,top,C1,,noethstar tantalum,22uF,tht,True
55.88,-29.21,0.0,top,C10,,northstar decoupling cap,*,tht,True
67.31,-29.21,0.0,top,C11,,northstar decoupling cap,*,tht,True
78.74,-29.21,0.0,top,C12,,northstar decoupling cap,*,tht,True
90.17,-29.21,0.0,top,C13,,northstar decoupling cap,*,tht,True
101.6,-29.21,0.0,top,C14,,northstar decoupling cap,*,tht,True
60.96,2.54,90.0,top,C2,,northstar decoupling cap,100pF,tht,True
22.225,3.81,-90.0,top,C3,,northstar decoupling cap,*,tht,True
25.4,-2.54,0.0,top,C4,,northstar decoupling cap,*,tht,True
34.29,-2.54,0.0,top,C5,,northstar decoupling cap,*,tht,True
45.72,-2.54,0.0,top,C6,,northstar decoupling cap,*,tht,True
124.46,-5.08,180.0,top,C7,,northstar decoupling cap,*,tht,True
122.555,7.62,-90.0,top,C8,,northstar decoupling cap,*,tht,True
31.75,-31.75,-90.0,top,C9,,northstar decoupling cap,*,tht,True
0.0,-0.0,0.0,top,J2,,PinSocket_1x16_P2.54mm_Vertical,Conn_01x16_Socket,tht,True
129.54,5.08,0.0,top,J3,,PinSocket_1x18_P2.54mm_Vertical,Conn_01x16_Socket,tht,True
3.81,-0.0,0.0,top,P2,,PinHeader_1x16_P2.54mm_Vertical,Conn_01x16_Pin,tht,True
133.35,5.08,0.0,top,P3,,PinHeader_1x18_P2.54mm_Vertical,Conn_01x16_Pin,tht,True
38.735,2.54,180.0,top,Q1,,TO-92_northstar_Wide,2N3904,tht,True
41.91,3.81,0.0,top,R1,,northstar resistor,1.8K,tht,True
35.56,-30.48,0.0,top,R2,,northstar resistor,1K,tht,True
35.56,-35.56,0.0,top,R3,,northstar resistor,47,tht,True
35.56,-33.02,0.0,top,R4,,northstar resistor,47,tht,True
41.91,6.35,0.0,top,R5,,northstar resistor,47,tht,True
41.91,8.89,0.0,top,R6,,northstar resistor,1K,tht,True
41.91,1.27,0.0,top,R7,,northstar resistor,1.2K,tht,True
69.85,-2.54,90.0,top,RN1,,DIP-16_W7.62mm,47,tht,True
64.77,8.89,0.0,top,RN2,,R_Array_SIP10,1K,tht,True
10.16,-7.62,0.0,top,U1,,DIP-16_W7.62mm,4164,tht,True
99.06,1.27,90.0,top,U10,,DIP-14_W7.62mm,74S04,tht,True
116.84,-10.16,0.0,top,U11,,DIP-14_W7.62mm,74S04,tht,True
10.16,-38.1,90.0,top,U12,,DIP-14_W7.62mm,74S00,tht,True
21.59,-7.62,0.0,top,U2,,DIP-16_W7.62mm,4164,tht,True
33.02,-7.62,0.0,top,U3,,DIP-16_W7.62mm,4164,tht,True
44.45,-7.62,0.0,top,U4,,DIP-16_W7.62mm,4164,tht,True
55.88,-7.62,0.0,top,U5,,DIP-16_W7.62mm,4164,tht,True
67.31,-7.62,0.0,top,U6,,DIP-16_W7.62mm,4164,tht,True
78.74,-7.62,0.0,top,U7,,DIP-16_W7.62mm,4164,tht,True
90.17,-7.62,0.0,top,U8,,DIP-16_W7.62mm,4164,tht,True
101.6,-7.62,0.0,top,U9,,DIP-16_W7.62mm,4164,tht,True
