﻿designator,quantity,value,pack,mpn,mount_type
C1,1,22uF,noethstar tantalum,,tht
"C10, C11, C12, C13, C14, C3, C4, C5, C6, C7, C8, C9",12,*,northstar decoupling cap,,tht
C2,1,100pF,northstar decoupling cap,,tht
J2,1,Conn_01x16_Socket,PinSocket_1x16_P2.54mm_Vertical,,tht
J3,1,Conn_01x16_Socket,PinSocket_1x18_P2.54mm_Vertical,,tht
P2,1,Conn_01x16_Pin,PinHeader_1x16_P2.54mm_Vertical,,tht
P3,1,Conn_01x16_Pin,PinHeader_1x18_P2.54mm_Vertical,,tht
Q1,1,2N3904,TO-92_northstar_Wide,,tht
R1,1,1.8K,northstar resistor,,tht
"R2, R6",2,1K,northstar resistor,,tht
"R3, R4, R5",3,47,northstar resistor,,tht
R7,1,1.2K,northstar resistor,,tht
RN1,1,47,DIP-16_W7.62mm,,tht
RN2,1,1K,R_Array_SIP10,,tht
"U1, U2, U3, U4, U5, U6, U7, U8, U9",9,4164,DIP-16_W7.62mm,,tht
"U10, U11",2,74S04,DIP-14_W7.62mm,,tht
U12,1,74S00,DIP-14_W7.62mm,,tht
