﻿pos_x,pos_y,rotation,side,designator,mpn,pack,value,mount_type,place
103.637,-96.012,180.0,top,D1,,LED_D5.0mm,-12v,tht,True
165.857,-96.52,0.0,top,D3,,LED_D5.0mm,+12v,tht,True
165.862,-110.744,0.0,top,D4,,LED_D5.0mm,5v,tht,True
107.95,-118.11,0.0,top,J1,,northstar edge connector,male card edge,tht,True
107.95,-89.535,0.0,top,J2,,northstar edge connector,female slot pass through,tht,True
157.48,-104.775,-90.0,top,J3,,PinHeader_2x20_P2.54mm_Vertical,ribbon expansion,tht,True
104.902,-91.186,180.0,top,R1,,R_Axial_DIN0207_L6.3mm_D2.5mm_P5.08mm_Vertical,R,tht,True
164.817,-91.44,0.0,top,R3,,R_Axial_DIN0207_L6.3mm_D2.5mm_P5.08mm_Vertical,R,tht,True
165.071,-115.824,0.0,top,R4,,R_Axial_DIN0207_L6.3mm_D2.5mm_P5.08mm_Vertical,R,tht,True
164.846,-101.6,0.0,top,TP1,,PinHeader_1x01_P2.54mm_Vertical,gnd,tht,True
164.846,-105.664,0.0,top,TP2,,PinHeader_1x01_P2.54mm_Vertical,gnd,tht,True
169.418,-105.664,0.0,top,TP3,,PinHeader_1x01_P2.54mm_Vertical,5v,tht,True
169.418,-101.6,0.0,top,TP4,,PinHeader_1x01_P2.54mm_Vertical,+12v,tht,True
101.092,-108.458,0.0,top,TP5,,PinHeader_1x01_P2.54mm_Vertical,gnd,tht,True
101.092,-102.362,0.0,top,TP7,,PinHeader_1x01_P2.54mm_Vertical,-12v,tht,True
