﻿designator,quantity,value,pack,mpn,mount_type
D1,1,-12v,LED_D5.0mm,,tht
D3,1,+12v,LED_D5.0mm,,tht
D4,1,5v,LED_D5.0mm,,tht
J1,1,male card edge,northstar edge connector,,tht
J2,1,female slot pass through,northstar edge connector,,tht
J3,1,ribbon expansion,PinHeader_2x20_P2.54mm_Vertical,,tht
"R1, R3, R4",3,R,R_Axial_DIN0207_L6.3mm_D2.5mm_P5.08mm_Vertical,,tht
"TP1, TP2, TP5",3,gnd,PinHeader_1x01_P2.54mm_Vertical,,tht
TP3,1,5v,PinHeader_1x01_P2.54mm_Vertical,,tht
TP4,1,+12v,PinHeader_1x01_P2.54mm_Vertical,,tht
TP7,1,-12v,PinHeader_1x01_P2.54mm_Vertical,,tht
